,case,img_path,pathology,modality,partition
0,IBSR_18,train_set/IBSR_18/IBSR_18.nii.gz,normal,T1,train
1,IBSR_01,train_set/IBSR_01/IBSR_01.nii.gz,normal,T1,train
2,IBSR_07,train_set/IBSR_07/IBSR_07.nii.gz,normal,T1,train
3,IBSR_03,train_set/IBSR_03/IBSR_03.nii.gz,normal,T1,train
4,IBSR_08,train_set/IBSR_08/IBSR_08.nii.gz,normal,T1,train
5,IBSR_16,train_set/IBSR_16/IBSR_16.nii.gz,normal,T1,train
6,IBSR_05,train_set/IBSR_05/IBSR_05.nii.gz,normal,T1,train
7,IBSR_04,train_set/IBSR_04/IBSR_04.nii.gz,normal,T1,train
8,IBSR_09,train_set/IBSR_09/IBSR_09.nii.gz,normal,T1,train
9,IBSR_06,train_set/IBSR_06/IBSR_06.nii.gz,normal,T1,train
10,IBSR_14,val_set/IBSR_14/IBSR_14.nii.gz,normal,T1,val
11,IBSR_17,val_set/IBSR_17/IBSR_17.nii.gz,normal,T1,val
12,IBSR_13,val_set/IBSR_13/IBSR_13.nii.gz,normal,T1,val
13,IBSR_11,val_set/IBSR_11/IBSR_11.nii.gz,normal,T1,val
14,IBSR_12,val_set/IBSR_12/IBSR_12.nii.gz,normal,T1,val
15,IBSR_15,test_set/IBSR_15/IBSR_15.nii.gz,normal,T1,test
16,IBSR_02,test_set/IBSR_02/IBSR_02.nii.gz,normal,T1,test
17,IBSR_10,test_set/IBSR_10/IBSR_10.nii.gz,normal,T1,test
